{
    "anchorpoints": [],
    "portpins": [
        {
            "name": "1",
            "position": [
                -20.0,
                0.0,
                4.69618
            ],
            "rotation": [
                0.0,
                0.0,
                -1.0,
                -0.0,
                1.0,
                0.0,
                1.0,
                0.0,
                0.0
            ]
        },
        {
            "name": "2",
            "position": [
                27.195826385656893,
                13.938930689226513,
                4.69618
            ],
            "rotation": [
                0.0,
                0.0,
                -1.0,
                1.0,
                -0.0,
                0.0,
                -0.0,
                -1.0,
                -0.0
            ]
        },
        {
            "name": "3",
            "position": [
                27.195826385656893,
                -13.938930689226513,
                4.69618
            ],
            "rotation": [
                0.0,
                0.0,
                1.0,
                1.0,
                0.0,
                0.0,
                0.0,
                1.0,
                0.0
            ]
        }
    ],
    "version": 7
}