{
    "anchorpoints": [],
    "portpins": [
        {
            "name": "1",
            "position": [
                -20.0,
                0.0,
                4.69618
            ],
            "rotation": [
                0.0,
                0.0,
                -1.0,
                -0.0,
                1.0,
                0.0,
                1.0,
                0.0,
                0.0
            ]
        },
        {
            "name": "2",
            "position": [
                31.690090120583903,
                17.279049501534676,
                4.69618
            ],
            "rotation": [
                0.0,
                0.0,
                -1.0,
                1.0,
                -0.0,
                0.0,
                -0.0,
                -1.0,
                -0.0
            ]
        },
        {
            "name": "3",
            "position": [
                31.690090120583903,
                -17.279049501534676,
                4.69618
            ],
            "rotation": [
                0.0,
                0.0,
                1.0,
                1.0,
                0.0,
                0.0,
                0.0,
                1.0,
                0.0
            ]
        }
    ],
    "version": 7
}